CO2,AQI,PM2.5,PM10,Rain,Smoke,label
79,68,90,46,73,74,1
93,21,99,42,49,81,1
46,39,50,89,26,97,1
84,46,13,54,81,51,1
8,64,89,85,44,51,1
51,94,39,84,2,45,1
76,15,58,31,21,40,1
86,88,77,58,77,33,1
25,70,8,81,67,79,1
73,99,5,9,52,83,1
79,6,86,2,81,25,1
25,13,36,25,57,95,1
72,40,1,78,42,55,1
73,29,70,5,99,71,1
92,82,39,27,78,23,1
67,67,67,23,99,84,1
6,95,63,90,94,74,1
58,3,66,62,69,96,1
83,93,45,94,71,72,1
82,32,33,8,90,16,1
7,21,40,10,24,56,1
69,32,6,70,19,54,1
44,77,91,5,55,36,1
94,19,7,81,59,44,1
48,8,26,45,84,86,1
82,76,33,91,27,24,1
17,61,50,78,54,70,1
32,20,28,91,42,50,1
79,24,97,79,53,20,1
91,60,79,89,80,41,1
5,3,69,76,24,82,1
55,39,97,69,40,99,1
51,45,28,39,56,74,1
48,81,48,18,79,35,1
97,95,30,49,90,10,1
58,88,0,43,10,35,1
62,67,76,49,17,4,1
64,74,48,25,81,56,1
14,85,31,38,6,62,1
91,27,45,68,42,35,1
74,13,87,86,19,64,1
98,75,85,82,5,82,1
71,63,37,2,19,18,1
59,10,83,93,78,62,1
58,94,92,2,22,24,1
20,30,96,28,82,5,1
90,80,56,59,91,51,1
86,39,96,40,3,88,1
54,45,80,13,100,21,1
10,91,1,38,80,84,1
24,20,87,25,13,10,1
20,70,82,51,73,76,1
31,7,55,29,87,100,1
53,42,70,59,60,95,1
24,9,9,8,83,84,1
17,46,34,74,48,3,1
0,86,31,7,69,70,1
14,83,50,35,66,71,1
36,19,88,0,53,38,1
62,47,4,98,85,41,1
1,96,77,7,11,97,1
6,97,47,55,79,53,1
50,60,22,1,63,86,1
23,24,9,54,24,11,1
70,81,66,100,20,53,1
28,77,10,28,64,23,1
55,2,54,66,69,96,1
39,13,91,81,41,36,1
6,90,62,46,41,3,1
99,46,74,75,42,89,1
27,13,68,3,89,7,1
51,88,67,50,4,51,1
0,82,5,86,78,55,1
92,58,10,41,76,67,1
78,57,71,65,27,11,1
58,74,86,98,46,95,1
47,4,18,18,13,29,1
79,52,20,17,25,84,1
33,49,61,43,8,47,1
79,27,20,76,60,34,1
69,10,86,35,61,32,1
19,93,13,97,26,18,1
90,89,20,19,5,84,1
0,7,30,100,45,15,1
39,25,84,8,93,65,1
54,79,67,73,48,93,1
51,11,25,23,91,46,1
91,27,89,67,84,7,1
92,31,12,37,71,40,1
36,41,37,5,32,53,1
41,43,88,11,82,69,1
97,75,34,68,35,4,1
41,6,17,54,63,63,1
82,72,43,21,76,48,1
66,84,2,56,9,74,1
24,88,68,49,94,39,1
26,67,62,86,78,79,1
52,72,57,91,75,16,1
50,48,95,49,22,9,1
33,42,16,32,82,72,1
34,91,67,32,13,12,1
79,23,16,44,86,52,1
16,65,15,83,19,64,1
49,89,44,85,55,70,1
2,99,38,11,49,92,1
49,79,65,58,98,3,1
13,7,73,30,99,19,1
29,89,8,90,3,94,1
7,79,5,74,66,78,1
3,73,88,40,99,19,1
78,43,31,38,76,90,1
38,43,39,78,50,97,1
43,91,22,4,68,78,1
50,12,55,54,51,29,1
57,97,81,9,29,0,1
90,91,66,23,51,34,1
96,76,75,43,32,57,1
22,8,0,68,81,33,1
40,56,3,81,36,72,1
28,67,61,50,14,44,1
6,98,1,99,29,64,1
79,33,74,58,36,56,1
23,66,87,3,85,93,1
40,86,59,51,76,70,1
74,4,30,80,61,81,1
93,69,23,61,93,35,1
38,73,20,60,68,39,1
50,69,59,75,70,67,1
53,55,4,18,43,87,1
13,78,49,43,13,98,1
71,31,29,47,33,21,1
80,56,28,42,13,63,1
39,8,80,4,71,14,1
27,88,89,29,24,64,1
100,55,74,83,52,87,1
12,4,2,17,87,29,1
72,93,1,45,71,62,1
66,79,6,25,8,66,1
41,64,16,43,68,68,1
34,40,69,58,32,13,1
56,36,14,5,4,25,1
96,90,35,94,35,10,1
85,16,29,19,93,21,1
12,67,17,46,92,80,1
34,96,9,21,80,34,1
66,52,32,54,3,55,1
88,24,35,63,39,88,1
33,88,48,15,79,71,1
67,32,23,40,64,67,1
42,63,58,16,55,95,1
35,56,86,83,72,16,1
65,36,47,100,6,81,1
74,78,40,62,96,9,1
34,70,78,18,96,39,1
38,98,100,21,34,48,1
95,71,92,23,80,42,1
30,44,41,68,77,1,1
96,47,57,29,99,81,1
67,42,80,61,74,52,1
29,16,95,29,45,32,1
26,18,86,38,86,71,1
61,84,51,84,99,6,1
32,80,37,86,41,3,1
21,66,40,98,15,41,1
91,6,80,19,11,81,1
65,26,63,24,91,71,1
47,52,21,29,27,31,1
2,73,68,44,23,73,1
62,42,14,90,39,14,1
73,36,50,4,58,35,1
61,53,40,38,86,28,1
95,16,60,38,79,54,1
66,2,57,43,52,100,1
91,93,48,44,60,81,1
8,63,92,33,12,60,1
43,65,44,6,28,57,1
53,13,67,83,12,10,1
15,79,27,60,98,50,1
99,88,57,41,31,41,1
100,36,70,11,40,61,1
28,77,3,0,16,12,1
45,25,74,81,34,66,1
45,80,33,65,51,69,1
18,70,22,33,1,29,1
97,54,68,39,2,94,1
11,63,55,31,44,70,1
81,71,52,89,42,29,1
70,41,25,9,92,23,1
29,41,69,14,68,12,1
52,84,11,16,20,40,1
4,25,31,52,94,27,1
96,86,86,49,14,31,1
71,28,28,79,40,95,1
46,38,30,81,60,41,1
11,4,8,52,91,56,1
10,81,81,3,65,98,1
14,80,71,98,46,93,1
21,80,57,71,58,52,1
90,35,1,85,0,27,1
40,29,43,90,77,97,1
3,61,17,28,96,32,1
10,18,38,18,55,33,1
52,63,45,3,11,100,1
90,16,28,1,31,48,1
4,29,88,20,90,33,1
70,21,87,31,35,63,1
27,68,6,99,34,40,1
61,90,84,60,3,78,1
76,51,56,96,40,90,1
12,33,36,83,9,9,1
36,92,57,34,80,35,1
80,5,49,26,67,24,1
25,85,4,88,14,31,1
80,68,33,33,32,42,1
22,88,100,91,100,25,1
56,70,62,17,10,18,1
13,12,55,59,6,68,1
51,9,47,64,0,54,1
7,49,74,7,49,28,1
83,54,41,83,66,33,1
68,32,40,24,59,5,1
22,92,65,96,75,18,1
41,56,79,28,4,9,1
69,93,15,75,4,22,1
94,17,48,43,71,44,1
65,14,76,29,86,57,1
96,55,54,94,77,39,1
48,23,30,86,43,76,1
18,47,34,27,38,25,1
43,17,82,94,40,83,1
69,58,55,98,8,64,1
97,30,26,83,71,35,1
23,51,35,27,100,46,1
28,16,52,27,53,98,1
97,8,55,26,90,56,1
81,20,58,7,0,2,1
78,77,56,98,34,83,1
55,16,34,30,23,75,1
43,16,90,66,84,92,1
74,40,94,37,84,77,1
92,36,63,77,96,47,1
45,33,3,76,83,34,1
86,78,44,64,35,62,1
79,79,90,17,78,27,1
49,18,17,70,8,83,1
30,13,30,40,73,42,1
54,73,45,21,76,93,1
26,97,99,39,1,38,1
90,45,33,60,4,45,1
28,8,75,94,23,32,1
36,19,30,87,32,37,1
27,81,86,11,75,68,1
10,39,6,24,88,55,1
13,95,79,50,5,65,1
86,49,97,16,58,4,1
95,22,87,91,5,30,1
45,20,27,3,86,57,1
37,16,69,67,67,85,1
20,81,52,34,71,97,1
42,98,14,61,23,60,1
64,22,67,89,84,18,1
74,44,41,46,2,35,1
8,90,38,53,11,12,1
25,10,54,41,74,86,1
10,96,100,40,70,64,1
95,26,58,80,13,56,1
65,51,42,22,51,28,1
90,8,5,61,0,22,1
5,32,16,24,97,5,1
0,63,72,36,43,80,1
77,74,78,69,24,18,1
23,17,2,13,30,20,0
13,65,78,62,99,11,1
29,31,20,53,8,84,1
91,48,49,25,24,100,1
18,40,93,0,73,98,1
97,91,23,81,46,24,1
35,79,49,20,94,89,1
77,53,66,53,51,13,1
3,35,37,70,89,12,1
16,94,96,61,95,79,1
53,80,38,41,16,12,1
3,9,49,25,12,100,1
94,11,7,74,37,26,1
67,63,35,24,88,95,1
12,3,31,16,47,8,1
12,56,2,63,91,1,1
44,33,83,82,99,84,1
42,90,74,90,33,71,1
16,21,72,48,5,9,1
56,20,32,38,20,80,1
23,14,37,64,11,39,1
21,33,68,68,68,28,1
47,96,71,60,90,59,1
1,90,30,37,74,27,1
41,87,92,15,34,41,1
98,0,72,2,5,12,1
45,36,45,57,62,75,1
83,42,90,69,68,45,1
95,92,32,39,19,75,1
70,80,29,92,18,96,1
9,14,14,94,45,70,1
1,41,92,62,80,99,1
84,44,78,59,71,34,1
94,30,6,78,91,90,1
68,95,55,63,97,78,1
80,38,6,14,40,71,1
48,49,90,17,88,39,1
69,64,5,68,18,86,1
31,97,88,71,50,67,1
25,85,89,30,29,59,1
84,85,44,19,62,9,1
48,48,27,5,45,66,1
36,26,79,54,21,75,1
38,35,71,3,23,1,1
96,47,38,5,88,30,1
48,81,27,56,29,44,1
0,87,3,59,71,55,1
40,39,1,15,28,4,0
49,55,87,49,61,40,1
11,85,65,92,35,41,1
100,61,11,21,24,2,1
68,12,15,70,34,93,1
33,80,71,32,86,45,1
85,93,60,35,6,33,1
46,1,78,97,60,71,1
23,85,15,80,87,13,1
19,55,58,10,9,83,1
49,69,25,84,16,100,1
45,70,86,69,9,95,1
96,53,99,11,91,91,1
81,55,35,82,36,11,1
95,97,93,27,83,85,1
63,41,35,95,51,52,1
96,28,24,56,49,43,1
69,15,9,100,30,34,1
14,23,49,66,85,92,1
9,33,91,62,44,46,1
89,66,89,20,19,14,1
12,17,57,10,20,9,1
58,47,8,60,5,89,1
14,74,86,13,51,57,1
5,30,42,72,100,17,1
9,34,88,48,32,6,1
29,13,11,91,24,92,1
83,24,66,32,82,89,1
61,51,23,6,3,18,1
38,28,62,19,43,79,1
22,12,62,63,83,65,1
97,60,97,58,68,79,1
2,33,59,94,87,87,1
55,43,79,95,8,64,1
83,46,15,86,61,10,1
87,6,14,45,44,33,1
72,91,46,68,4,33,1
66,23,17,8,76,13,1
32,12,61,32,57,98,1
15,58,93,45,71,7,1
55,83,7,99,16,100,1
29,91,5,59,81,41,1
7,97,72,15,51,17,1
85,99,82,26,29,1,1
3,66,65,6,63,79,1
64,89,82,1,54,25,1
10,43,57,7,15,51,1
19,42,23,30,40,76,1
21,97,65,42,82,36,1
69,41,40,55,53,68,1
74,14,78,33,0,54,1
96,59,18,82,94,64,1
80,42,43,77,86,49,1
92,97,69,72,37,78,1
47,64,4,41,0,6,1
26,79,69,32,97,70,1
3,87,16,40,19,64,1
40,32,75,30,9,23,1
14,1,18,37,33,56,1
87,94,36,76,17,82,1
53,54,70,66,96,62,1
78,56,0,32,18,39,1
12,0,61,1,6,56,1
9,60,59,87,52,44,1
91,72,57,95,10,60,1
15,46,53,72,93,57,1
48,41,81,66,84,17,1
29,85,80,20,90,49,1
75,1,7,100,13,54,1
49,84,62,73,82,55,1
18,84,95,43,19,13,1
49,66,43,71,35,57,1
18,52,86,0,95,13,1
100,90,75,20,46,72,1
83,2,74,50,79,9,1
10,90,65,30,14,59,1
72,50,63,52,22,24,1
16,8,97,31,4,54,1
79,97,51,8,29,80,1
98,71,63,23,38,34,1
10,1,41,10,8,17,1
39,97,16,78,37,20,1
7,9,53,96,88,99,1
1,7,88,14,58,89,1
98,5,99,70,40,65,1
70,77,63,24,67,30,1
11,87,56,13,43,21,1
76,27,54,40,14,36,1
66,28,31,72,25,60,1
83,23,54,3,20,76,1
93,15,60,76,71,90,1
1,22,70,40,75,56,1
88,32,75,77,8,5,1
4,85,6,82,48,69,1
54,73,0,80,19,50,1
39,76,15,80,57,15,1
7,58,82,90,32,23,1
67,16,16,14,89,24,1
5,77,26,43,27,67,1
11,8,39,35,81,87,1
66,41,13,74,23,65,1
10,92,35,69,97,22,1
27,9,24,55,77,75,1
10,56,53,63,65,53,1
87,16,67,99,2,8,1
0,97,14,21,67,46,1
5,63,63,3,15,40,1
56,2,17,71,47,19,1
89,32,98,43,39,83,1
14,6,35,6,37,75,1
37,76,48,90,74,83,1
32,5,9,61,15,98,1
95,10,71,33,42,79,1
30,10,42,11,71,61,1
16,13,1,36,17,26,1
92,40,37,16,64,57,1
28,75,55,80,38,4,1
61,36,66,55,81,46,1
26,33,24,17,78,7,1
23,47,7,96,2,71,1
50,72,96,54,83,22,1
4,79,77,90,53,65,1
41,82,50,45,90,47,1
0,58,35,91,53,86,1
24,14,79,48,11,16,1
72,48,75,31,7,75,1
0,7,96,96,94,97,1
16,20,71,75,80,70,1
78,51,16,75,33,28,1
55,37,19,13,42,65,1
29,81,22,25,52,1,1
54,95,61,33,70,22,1
4,79,51,63,89,93,1
15,35,75,59,45,34,1
0,81,6,30,76,56,1
0,7,85,28,55,94,1
70,8,6,19,45,4,1
96,96,62,23,98,84,1
35,38,60,54,80,29,1
61,7,72,46,10,64,1
47,38,37,94,5,84,1
46,12,16,63,8,0,1
46,90,9,37,9,87,1
84,29,41,10,34,56,1
8,35,37,23,50,72,1
70,42,64,42,45,54,1
1,12,47,40,62,61,1
42,81,84,62,90,69,1
85,21,87,88,86,15,1
48,96,80,90,19,60,1
9,44,50,30,71,14,1
58,39,85,12,48,74,1
37,32,31,85,94,29,1
59,55,35,85,59,23,1
55,83,66,29,84,9,1
93,27,79,55,20,25,1
82,14,32,87,11,59,1
53,39,82,55,7,75,1
92,64,68,88,62,95,1
53,97,5,70,36,26,1
9,77,3,8,49,58,1
48,37,86,69,86,44,1
44,94,42,86,59,38,1
53,1,31,42,75,65,1
3,61,93,55,18,48,1
25,81,79,44,25,87,1
30,69,98,30,98,7,1
55,62,31,84,84,13,1
99,33,6,96,90,47,1
32,34,83,23,86,10,1
35,100,94,20,7,84,1
32,52,83,95,71,44,1
85,44,69,43,72,99,1
79,85,7,18,72,99,1
84,50,10,61,44,81,1
72,90,39,61,0,82,1
86,97,54,61,39,9,1
32,15,28,73,11,30,1
78,8,3,25,91,6,1
39,42,6,58,42,24,1
7,57,91,16,98,19,1
77,82,12,47,37,41,1
17,12,0,96,87,81,1
47,53,15,77,58,51,1
29,39,76,58,86,70,1
27,32,98,70,40,78,1
80,40,66,69,8,78,1
38,80,50,83,89,37,1
37,7,35,73,31,82,1
76,77,40,92,12,38,1
23,76,42,18,40,88,1
11,63,52,27,18,55,1
11,51,12,32,90,34,1
78,65,38,39,45,88,1
63,60,22,39,82,23,1
90,1,74,64,65,80,1
22,25,47,60,72,14,1
82,3,4,21,60,79,1
3,91,8,90,88,93,1
27,12,56,93,54,1,1
23,22,25,30,65,17,1
61,3,98,59,34,9,1
60,73,9,20,38,15,1
41,66,92,13,97,21,1
52,53,81,3,27,76,1
37,32,88,54,91,65,1
20,21,65,24,1,28,1
26,16,3,72,76,37,1
62,54,21,28,21,26,1
17,52,65,7,43,60,1
24,67,12,20,26,45,1
61,67,72,56,38,83,1
83,69,52,98,90,54,1
63,88,10,96,26,60,1
88,16,19,87,95,75,1
66,50,88,91,49,44,1
59,55,94,97,12,40,1
12,86,69,42,80,68,1
11,32,97,15,85,70,1
3,18,47,36,98,98,1
6,88,81,19,5,100,1
39,98,49,49,21,96,1
37,34,69,19,91,98,1
22,18,29,29,63,95,1
19,79,26,38,15,54,1
60,66,98,69,58,100,1
29,49,28,34,83,15,1
64,90,0,66,87,98,1
62,68,48,43,64,95,1
41,11,84,89,40,46,1
76,23,61,92,35,66,1
66,68,95,30,61,73,1
89,37,91,28,78,59,1
19,87,86,11,80,65,1
89,70,18,4,95,81,1
30,6,83,87,17,8,1
96,60,21,83,54,54,1
99,49,50,26,81,4,1
78,20,9,17,0,0,1
58,81,43,41,4,15,1
37,44,5,67,50,26,1
54,30,98,12,78,56,1
17,89,25,8,94,77,1
37,87,36,28,18,56,1
81,22,2,68,51,5,1
25,96,58,36,34,98,1
4,14,1,46,30,57,1
76,7,100,7,80,77,1
41,79,71,69,1,70,1
92,40,56,19,49,29,1
73,84,63,23,69,39,1
57,11,45,32,58,13,1
16,9,93,34,86,6,1
86,70,13,2,64,32,1
97,55,47,98,90,14,1
49,47,52,52,8,69,1
43,56,46,7,19,25,1
48,8,73,53,56,23,1
8,5,4,80,41,25,1
96,92,95,39,31,71,1
59,16,5,75,42,90,1
97,94,18,29,56,40,1
95,83,38,28,39,93,1
35,12,4,59,53,0,1
77,74,7,8,64,85,1
95,40,46,50,0,96,1
55,41,36,21,69,74,1
51,56,93,58,54,6,1
20,16,8,5,47,44,1
44,19,19,61,13,50,1
85,80,38,10,6,3,1
14,0,90,43,97,67,1
98,33,15,47,28,32,1
32,18,8,56,36,86,1
42,88,51,33,76,70,1
37,0,60,25,45,92,1
1,54,90,8,97,18,1
19,60,36,50,49,84,1
3,87,50,57,52,8,1
23,94,8,46,67,70,1
75,17,4,39,89,4,1
22,59,14,34,56,49,1
49,10,33,98,85,90,1
95,99,14,63,48,68,1
67,13,100,90,94,64,1
67,66,86,9,80,62,1
60,65,32,4,13,18,1
53,48,100,65,6,10,1
60,45,45,48,16,96,1
77,23,27,5,88,23,1
91,56,35,58,9,24,1
8,33,50,78,44,54,1
33,16,20,55,62,87,1
70,2,12,78,8,10,1
100,95,38,28,86,28,1
76,99,89,40,90,68,1
42,71,22,7,25,90,1
47,59,5,82,12,29,1
93,47,81,16,61,61,1
61,84,85,59,19,12,1
19,89,20,28,21,92,1
95,30,97,84,18,45,1
67,37,44,39,26,95,1
72,55,45,2,6,31,1
61,56,4,55,87,95,1
16,36,10,23,5,36,1
68,24,92,27,52,61,1
25,50,99,37,25,2,1
3,34,21,53,15,66,1
36,48,82,38,68,82,1
95,50,87,6,34,98,1
40,84,100,28,50,1,1
80,73,57,7,31,73,1
26,12,68,16,63,96,1
10,46,36,79,20,48,1
31,61,49,28,84,10,1
15,67,61,86,87,37,1
25,7,95,60,35,42,1
23,22,55,32,23,52,1
57,48,25,72,3,47,1
78,32,67,64,41,54,1
58,83,23,66,12,21,1
86,97,21,50,17,21,1
93,50,99,22,3,91,1
29,45,96,90,3,20,1
84,91,92,47,99,61,1
37,95,60,88,0,81,1
15,45,92,54,95,0,1
28,63,45,34,6,80,1
31,71,34,38,90,75,1
41,68,98,51,48,43,1
34,16,87,64,3,61,1
21,46,98,82,10,22,1
21,60,48,8,59,31,1
52,58,80,35,67,65,1
68,46,22,28,94,84,1
30,82,81,43,30,18,1
21,96,90,47,68,48,1
49,36,59,24,90,4,1
79,34,95,8,58,45,1
76,42,96,70,67,0,1
35,57,24,6,80,31,1
98,7,64,31,62,41,1
6,51,61,16,92,41,1
98,45,19,86,91,19,1
13,85,72,61,46,27,1
46,36,78,2,83,25,1
76,42,32,35,94,25,1
18,32,28,33,72,82,1
45,17,19,74,71,48,1
15,42,66,6,49,32,1
94,88,59,90,99,70,1
93,34,17,58,22,25,1
24,51,74,8,48,68,1
30,53,3,8,15,23,1
38,85,88,43,99,100,1
9,31,35,77,46,40,1
59,41,68,51,93,94,1
77,63,25,73,80,75,1
35,6,93,18,58,80,1
54,17,38,55,88,30,1
83,22,54,60,66,18,1
99,12,5,49,65,77,1
42,74,83,35,42,22,1
61,22,32,72,20,48,1
67,84,18,3,60,51,1
28,54,58,81,48,20,1
64,16,98,62,18,58,1
75,38,61,57,76,30,1
94,32,54,53,23,60,1
11,17,54,1,21,2,1
21,54,91,62,41,1,1
78,3,98,38,46,81,1
40,71,69,19,6,4,1
37,97,87,29,47,97,1
60,65,17,63,80,52,1
13,82,44,6,58,91,1
57,16,77,16,21,21,1
38,66,39,92,39,9,1
30,96,61,15,13,13,1
67,56,58,16,5,48,1
86,76,82,29,28,73,1
96,22,91,54,56,39,1
59,99,99,29,19,5,1
1,26,49,78,94,20,1
1,24,21,58,72,3,1
18,94,63,22,48,49,1
8,77,64,2,56,48,1
42,77,79,83,25,9,1
92,44,63,14,60,22,1
78,60,23,92,30,27,1
91,10,57,53,65,14,1
73,6,59,60,95,1,1
86,63,22,68,21,47,1
28,36,4,55,98,14,1
51,58,19,81,93,45,1
44,99,33,59,33,21,1
59,85,24,14,55,48,1
35,100,81,17,90,6,1
84,47,61,75,17,56,1
86,39,66,22,55,92,1
12,99,16,93,63,78,1
88,27,98,40,90,37,1
74,10,31,24,59,90,1
0,77,15,4,4,84,1
82,9,85,75,11,88,1
72,76,5,52,54,10,1
25,96,57,33,11,32,1
21,76,97,10,90,63,1
9,82,7,70,7,26,1
81,41,50,38,13,46,1
56,28,76,75,87,96,1
72,61,65,39,94,30,1
68,76,3,63,50,70,1
34,69,65,89,59,59,1
21,11,30,50,50,76,1
97,99,14,28,84,40,1
77,46,34,85,36,73,1
51,2,43,14,87,58,1
5,23,43,18,89,16,1
100,29,37,83,88,41,1
5,66,13,19,24,12,0
47,20,19,88,64,15,1
96,63,98,64,32,47,1
41,89,79,10,76,29,1
18,60,39,43,22,84,1
2,98,62,78,37,36,1
66,27,6,99,22,80,1
23,46,30,41,81,25,1
7,70,61,28,14,49,1
5,22,8,5,20,68,1
27,64,38,61,18,44,1
3,22,29,70,22,11,1
5,9,66,13,61,70,1
97,73,24,85,71,52,1
17,38,30,12,98,82,1
17,13,76,30,88,21,1
20,37,34,53,20,64,1
45,19,89,57,70,30,1
63,98,92,74,94,15,1
69,51,0,17,50,39,1
78,19,24,10,68,60,1
62,82,1,42,84,90,1
57,71,36,13,49,16,1
6,28,72,51,25,19,1
25,86,75,54,68,90,1
79,88,21,56,57,94,1
76,11,45,72,11,56,1
24,63,23,81,17,37,1
85,49,54,87,30,96,1
7,44,54,80,36,39,1
32,99,39,64,84,84,1
78,89,21,0,77,3,1
1,42,2,98,47,92,1
63,95,76,57,62,0,1
7,59,99,92,15,95,1
45,79,54,56,34,4,1
48,25,81,49,18,56,1
87,72,56,56,85,94,1
25,61,61,60,82,41,1
80,46,62,7,39,23,1
16,10,67,39,51,37,1
92,43,12,75,19,70,1
99,35,18,88,73,73,1
31,43,87,63,29,87,1
31,91,53,37,44,9,1
60,99,37,63,93,39,1
50,6,46,34,17,98,1
7,56,69,86,12,51,1
87,53,61,94,20,83,1
11,15,53,84,10,62,1
51,84,66,92,28,50,1
11,91,58,44,83,31,1
1,18,6,49,31,28,1
97,55,46,57,62,17,1
24,13,93,74,11,24,1
63,62,29,12,32,20,1
37,48,69,92,79,92,1
76,32,48,60,13,56,1
27,84,95,11,45,37,1
96,46,62,18,100,50,1
31,73,51,92,58,16,1
38,74,13,73,32,91,1
50,95,80,12,11,42,1
2,4,94,24,56,66,1
61,83,74,44,25,40,1
1,37,11,31,72,99,1
37,32,95,79,85,87,1
28,96,32,71,83,91,1
58,49,86,10,23,88,1
60,43,82,24,40,27,1
92,35,82,66,15,77,1
68,69,78,28,29,47,1
88,74,93,2,52,53,1
52,43,4,36,87,35,1
80,46,84,96,36,28,1
78,20,77,33,89,40,1
59,82,33,65,15,34,1
25,22,19,23,16,79,1
38,96,72,98,80,23,1
79,93,53,16,22,3,1
64,92,73,52,81,33,1
88,19,90,74,56,92,1
42,67,56,59,62,37,1
75,28,94,34,65,6,1
92,29,43,29,83,45,1
79,4,3,9,43,3,1
22,1,97,71,31,1,1
34,34,71,13,24,100,1
99,85,2,12,0,3,1
66,41,59,28,1,69,1
67,42,44,88,24,45,1
97,42,67,9,66,61,1
9,56,73,52,64,34,1
15,45,14,95,25,30,1
40,24,28,56,45,61,1
45,77,28,48,55,53,1
46,4,73,21,94,24,1
94,28,10,63,77,9,1
47,56,76,83,78,61,1
22,77,57,88,55,48,1
32,69,33,82,96,39,1
70,12,77,85,30,14,1
60,30,23,51,75,28,1
80,81,44,9,16,34,1
56,78,3,59,27,76,1
34,78,83,57,96,41,1
6,29,76,74,52,60,1
88,39,74,62,23,39,1
85,95,51,93,75,18,1
97,80,58,56,26,79,1
21,78,75,61,61,97,1
91,28,98,43,38,62,1
70,61,35,25,57,11,1
57,40,89,49,80,84,1
63,21,2,33,57,6,1
97,10,73,62,99,98,1
19,76,44,9,55,8,1
17,40,78,39,69,13,1
73,87,81,41,90,94,1
40,14,35,30,1,61,1
94,84,84,21,50,37,1
83,94,31,81,30,89,1
17,42,32,13,43,43,1
53,30,78,8,60,11,1
43,74,74,4,90,17,1
15,87,16,66,68,72,1
8,9,69,51,98,62,1
87,35,48,95,49,46,1
32,54,47,65,70,60,1
99,1,97,34,75,77,1
49,80,71,50,49,80,1
11,51,37,12,0,78,1
31,49,41,79,93,37,1
60,6,80,63,87,2,1
98,25,52,6,44,58,1
92,9,87,9,91,1,1
94,16,39,85,88,44,1
55,43,5,65,69,9,1
21,92,26,44,55,12,1
6,60,88,95,45,97,1
79,32,26,84,0,5,1
92,41,10,27,76,63,1
84,100,84,63,78,18,1
38,61,49,35,99,34,1
22,75,19,41,80,14,1
90,11,54,18,14,100,1
99,42,0,29,12,20,1
54,31,31,11,13,38,1
47,17,60,37,56,38,1
19,69,55,19,49,48,1
46,40,8,31,47,13,1
76,40,62,5,46,62,1
62,80,62,24,47,2,1
56,77,44,42,89,42,1
31,42,65,77,15,63,1
65,90,93,84,49,37,1
26,19,23,37,99,25,1
83,71,30,25,60,35,1
72,0,33,91,65,20,1
37,94,90,8,75,33,1
21,42,45,1,19,26,1
74,93,47,61,36,54,1
48,66,95,19,22,94,1
26,3,2,81,39,27,1
23,82,18,64,21,4,1
40,25,70,27,24,87,1
56,32,82,62,37,31,1
44,75,38,17,33,24,1
74,89,70,97,2,19,1
78,47,90,74,25,43,1
60,54,0,48,16,33,1
79,76,98,21,42,81,1
37,3,36,29,15,54,1
44,44,0,67,39,58,1
79,89,69,82,50,43,1
33,69,57,77,82,68,1
1,64,49,4,32,69,1
73,43,55,45,78,11,1
96,7,2,5,27,64,1
56,58,40,80,73,89,1
32,86,81,48,0,74,1
2,34,20,31,52,27,1
82,73,94,38,5,86,1
70,60,62,2,34,52,1
10,3,46,42,72,47,1
100,17,92,36,30,11,1
44,45,6,83,8,60,1
36,51,92,84,79,13,1
8,76,40,16,69,25,1
40,83,24,57,24,41,1
10,94,92,1,81,75,1
22,100,80,8,17,4,1
81,54,9,72,18,25,1
37,55,32,98,3,18,1
22,87,36,91,17,8,1
5,86,34,76,75,38,1
23,59,79,10,17,0,1
41,48,81,50,24,12,1
6,44,83,87,27,12,1
83,26,14,26,95,86,1
14,81,72,71,85,21,1
41,84,82,1,9,24,1
97,19,31,97,21,45,1
80,56,91,17,19,0,1
64,11,94,31,96,56,1
10,70,82,64,12,26,1
44,23,88,96,16,75,1
57,38,19,59,36,87,1
12,71,96,34,25,31,1
99,82,80,62,40,56,1
47,70,51,1,52,81,1
54,65,46,63,80,40,1
19,81,29,62,63,2,1
77,32,100,67,11,4,1
98,27,28,83,2,16,1
54,51,77,54,29,58,1
4,64,64,44,85,53,1
30,0,41,88,36,93,1
55,19,22,63,34,20,1
13,48,28,87,64,63,1
2,55,10,51,76,92,1
10,79,12,77,65,63,1
28,72,56,97,86,79,1
31,95,33,13,98,99,1
54,22,90,88,41,29,1
45,81,74,41,90,2,1
48,58,83,33,22,30,1
33,31,51,58,36,96,1
54,8,82,47,13,22,1
30,54,13,27,99,39,1
74,94,85,36,24,4,1
63,78,57,87,94,79,1
67,93,66,18,44,94,1
37,81,65,96,21,55,1
92,57,31,47,47,10,1
85,46,27,75,7,5,1
47,73,11,28,44,83,1
74,68,9,6,54,12,1
12,83,39,16,61,52,1
85,10,88,64,32,50,1
100,80,10,88,63,96,1
90,72,36,100,47,3,1
41,32,7,42,100,97,1
73,75,84,85,52,96,1
65,1,55,76,77,17,1
28,8,54,33,24,78,1
41,27,34,69,10,48,1
50,1,12,70,74,39,1
76,3,88,27,11,93,1
96,2,51,47,62,35,1
8,30,23,55,45,1,1
82,25,50,82,59,70,1
52,63,14,85,70,24,1
71,92,63,56,72,71,1
93,54,30,69,66,56,1
28,80,9,91,5,62,1
81,36,4,72,30,21,1
51,20,8,33,90,59,1
75,79,66,11,67,91,1
6,84,6,20,70,94,1
50,89,20,60,77,70,1
40,37,64,6,76,37,1
4,20,8,2,64,84,1
59,74,70,60,47,100,1
35,65,12,9,28,1,0
29,32,8,5,26,3,0
2,0,12,40,26,3,0
24,10,3,44,23,7,0
31,0,4,0,22,3,0
2,64,14,12,10,9,0
28,71,12,47,24,7,0
3,58,4,28,3,16,0
37,73,6,3,8,17,0
33,11,0,20,14,9,0
30,53,14,34,28,7,0
15,1,13,50,7,5,0
19,44,5,34,8,20,0
33,54,15,38,24,15,0
30,2,12,19,1,8,0
13,60,15,34,17,10,0
33,75,7,6,5,1,0
39,56,10,2,6,7,0
24,9,11,30,20,5,0
23,65,10,33,29,3,0
6,47,8,4,15,9,0
17,25,1,24,0,7,0
35,56,3,37,24,18,0
4,18,0,17,20,12,0
37,7,14,50,3,2,0
25,17,14,8,7,3,0
7,51,7,6,25,9,0
38,67,10,28,8,19,0
27,35,2,12,29,10,0
28,43,5,50,3,10,0
1,24,2,46,23,10,0
14,46,5,5,26,2,0
40,63,9,40,4,18,0
14,24,15,12,0,20,0
13,26,2,14,3,8,0
17,52,2,13,11,8,0
40,5,0,1,25,9,0
32,49,4,36,30,19,0
27,30,1,28,24,7,0
20,3,10,35,25,6,0
30,42,6,34,18,13,0
20,12,11,32,19,0,0
13,30,8,23,24,4,0
2,42,14,44,2,19,0
8,73,10,37,14,10,0
7,9,0,5,8,15,0
16,28,10,40,10,13,0
35,41,7,43,4,2,0
13,75,6,3,25,10,0
0,47,2,21,21,7,0
19,8,2,16,5,4,0
16,22,10,33,23,9,0
16,54,1,43,17,0,0
5,62,8,15,19,0,0
6,46,10,39,8,13,0
5,52,14,13,23,0,0
20,24,7,46,18,10,0
40,30,11,22,12,16,0
18,69,9,3,13,11,0
17,1,0,26,26,18,0
6,29,11,17,23,6,0
7,26,0,3,12,15,0
8,27,14,48,30,4,0
2,75,11,43,17,6,0
17,39,14,46,21,1,0
24,23,15,39,6,20,0
28,27,1,36,0,15,0
14,35,13,7,15,17,0
31,15,2,17,8,18,0
4,63,5,21,28,13,0
13,64,9,19,9,11,0
17,37,15,33,9,6,0
22,58,1,24,17,5,0
6,49,5,48,29,9,0
0,63,0,19,19,4,0
9,70,10,43,3,13,0
3,0,1,43,24,11,0
34,50,4,27,5,4,0
24,29,13,9,27,13,0
25,15,3,2,8,5,0
12,1,2,11,15,9,0
11,16,10,11,0,15,0
32,2,13,41,29,15,0
27,7,0,33,9,19,0
32,64,1,4,0,9,0
10,66,6,30,20,5,0
27,69,12,28,26,0,0
10,19,15,9,19,1,0
19,28,14,48,30,7,0
39,38,15,7,2,9,0
2,75,13,4,14,14,0
27,10,15,43,0,16,0
1,58,5,16,16,20,0
13,64,15,8,16,4,0
23,58,7,14,0,6,0
35,15,6,21,26,1,0
38,27,13,15,13,0,0
23,19,11,1,13,17,0
30,63,0,16,11,8,0
12,45,14,42,14,3,0
12,25,4,13,26,3,0
22,54,4,1,1,20,0
40,45,13,1,15,15,0
26,16,1,25,4,2,0
30,7,8,41,0,12,0
29,73,10,23,30,1,0
2,14,13,0,6,5,0
22,6,13,23,25,6,0
18,0,10,47,15,16,0
26,58,11,37,24,6,0
6,55,9,36,18,11,0
1,74,6,36,7,6,0
29,22,12,4,20,12,0
5,10,5,45,4,0,0
31,51,8,19,9,15,0
31,24,11,9,12,9,0
8,67,4,6,30,6,0
40,36,8,26,0,4,0
16,68,11,2,11,16,0
18,16,4,2,12,12,0
25,20,6,25,3,19,0
11,54,2,8,8,7,0
32,46,2,25,18,17,0
24,37,8,11,24,15,0
38,59,0,6,5,5,0
8,55,11,33,28,13,0
26,49,2,15,21,4,0
22,0,12,42,18,10,0
37,30,11,39,25,12,0
15,34,7,33,0,2,0
22,26,5,29,17,8,0
0,38,14,47,2,2,0
0,49,5,39,0,11,0
29,52,9,28,2,15,0
35,11,5,19,30,12,0
14,43,11,19,2,11,0
27,66,8,1,27,19,0
39,12,4,48,4,9,0
40,74,9,36,14,9,0
27,68,2,14,25,10,0
23,33,10,13,4,18,0
4,48,9,8,5,18,0
6,43,1,26,27,14,0
21,4,8,11,27,1,0
14,31,3,47,3,17,0
39,30,11,33,4,1,0
38,1,4,15,24,18,0
32,66,3,33,7,8,0
18,57,13,0,16,15,0
10,21,1,29,18,5,0
17,7,12,19,20,9,0
4,8,5,6,5,3,0
28,64,5,42,11,20,0
10,13,9,44,1,20,0
20,34,0,44,27,6,0
36,29,13,34,17,5,0
10,2,7,11,21,0,0
38,4,9,43,26,4,0
39,71,9,40,17,7,0
26,44,1,22,28,2,0
28,32,8,37,11,13,0
1,62,9,27,28,0,0
7,41,5,46,28,10,0
24,18,1,29,1,5,0
39,8,10,0,17,20,0
24,9,11,47,3,4,0
24,40,8,18,16,0,0
24,25,2,0,21,17,0
39,34,12,11,3,13,0
19,36,9,13,2,15,0
18,43,1,42,10,2,0
31,27,2,46,28,5,0
5,49,11,30,7,1,0
36,1,14,0,26,0,0
9,47,2,19,15,3,0
19,63,1,7,20,9,0
15,7,8,3,0,11,0
26,29,2,3,23,2,0
6,46,8,16,2,14,0
23,10,7,38,29,19,0
3,62,0,46,9,0,0
12,46,8,7,26,17,0
22,1,9,7,17,0,0
39,29,3,4,3,8,0
33,49,12,33,20,1,0
12,40,11,27,18,14,0
26,8,7,33,9,10,0
32,65,13,49,20,7,0
25,53,13,1,21,14,0
23,56,4,1,24,17,0
3,71,2,13,28,11,0
40,0,2,35,17,12,0
8,7,14,10,15,4,0
40,54,8,32,25,5,0
28,45,4,2,2,14,0
1,3,1,21,1,0,0
39,19,5,25,0,17,0
7,67,6,48,30,19,0
24,33,4,31,22,16,0
3,14,14,38,26,10,0
12,11,8,34,1,8,0
36,33,11,44,18,20,0
8,19,12,4,16,14,0
29,36,4,11,2,17,0
10,56,13,48,5,6,0
12,69,1,32,7,15,0
34,18,7,32,15,9,0
24,71,9,17,15,3,0
32,48,10,8,27,13,0
6,16,0,25,26,6,0
9,21,3,45,0,2,0
30,17,5,49,13,13,0
2,26,12,40,14,0,0
3,5,0,27,8,20,0
0,15,2,30,12,3,0
24,16,9,27,1,2,0
37,42,9,18,13,1,0
32,32,1,29,22,17,0
2,14,7,35,28,12,0
26,0,0,36,23,1,0
37,56,9,21,18,10,0
14,2,2,32,23,9,0
30,38,13,24,18,6,0
11,74,0,12,25,7,0
8,73,3,9,29,16,0
17,69,1,28,23,9,0
39,42,8,46,30,12,0
19,5,6,19,14,0,0
38,26,8,25,21,15,0
12,42,1,29,1,4,0
28,8,13,16,26,3,0
28,57,10,15,27,9,0
22,25,11,15,17,6,0
5,49,15,17,5,0,0
19,47,11,1,6,1,0
21,29,11,45,12,20,0
12,36,7,25,4,8,0
3,63,1,28,23,13,0
13,58,4,17,10,9,0
36,66,0,20,22,15,0
11,29,15,11,27,11,0
35,61,6,50,0,8,0
39,51,11,16,15,0,0
8,11,10,42,24,15,0
37,17,5,49,3,0,0
19,4,13,14,1,3,0
38,75,7,34,30,14,0
24,33,6,37,22,13,0
27,59,9,25,14,14,0
40,53,6,46,14,11,0
20,10,11,21,27,7,0
13,36,15,28,29,0,0
25,12,4,15,5,10,0
12,28,5,20,2,10,0
30,0,4,3,23,16,0
15,25,7,16,20,1,0
18,32,2,40,21,19,0
21,11,6,25,25,19,0
14,51,14,8,21,4,0
35,13,15,26,29,13,0
5,66,5,42,13,5,0
2,25,2,13,17,15,0
23,11,2,29,13,10,0
4,6,12,44,4,18,0
36,20,15,48,21,17,0
26,75,4,49,29,1,0
30,22,0,32,5,10,0
23,61,5,48,10,0,0
15,20,1,31,1,10,0
23,38,3,33,8,3,0
3,8,13,31,21,8,0
20,14,0,5,21,3,0
21,65,15,31,25,12,0
30,75,6,23,6,3,0
38,6,2,48,6,13,0
6,32,14,40,13,12,0
14,37,15,41,25,2,0
6,0,13,23,20,17,0
30,35,9,10,3,3,0
1,44,10,25,18,3,0
24,32,2,20,14,17,0
9,31,4,2,17,0,0
31,8,15,36,9,1,0
37,26,5,45,5,7,0
0,4,11,35,10,17,0
8,23,0,39,19,12,0
7,16,3,21,7,20,0
31,15,4,33,9,18,0
4,73,3,20,7,12,0
18,63,11,25,2,19,0
5,49,4,50,13,8,0
40,59,8,45,2,3,0
0,59,4,26,28,10,0
13,56,11,24,8,2,0
15,25,8,11,25,17,0
15,4,3,1,22,12,0
17,17,0,50,11,12,0
35,71,2,17,6,3,0
11,23,6,38,12,5,0
13,55,15,26,22,18,0
10,49,4,14,26,11,0
16,27,1,22,25,18,0
31,66,8,17,14,3,0
8,29,4,36,7,18,0
13,35,7,29,10,14,0
34,35,9,37,16,19,0
39,38,6,3,6,3,0
29,45,10,43,23,12,0
22,71,2,8,6,20,0
5,32,1,40,0,18,0
15,59,11,11,19,10,0
40,41,6,25,23,7,0
15,67,7,10,11,20,0
26,35,15,40,18,8,0
9,33,11,1,16,12,0
9,10,0,43,20,8,0
0,35,8,9,19,14,0
23,33,5,20,23,5,0
6,22,14,43,22,3,0
30,64,8,10,2,9,0
15,6,1,15,6,12,0
11,34,0,33,17,18,0
8,40,10,34,7,5,0
17,17,1,28,1,5,0
15,40,12,41,29,8,0
11,66,11,13,10,13,0
21,55,7,34,30,4,0
5,17,9,10,5,5,0
12,59,11,42,6,20,0
27,5,14,17,26,15,0
31,59,3,50,20,7,0
21,26,13,13,19,5,0
15,68,9,36,14,3,0
14,63,13,13,26,14,0
29,28,12,13,9,20,0
25,47,7,48,5,5,0
16,20,1,2,5,15,0
0,15,8,13,14,10,0
17,58,0,4,10,1,0
37,9,6,50,5,7,0
32,22,13,41,3,4,0
6,38,15,35,3,14,0
20,15,4,20,14,16,0
3,16,1,15,16,12,0
16,22,10,45,4,17,0
40,69,3,2,1,2,0
32,24,4,28,0,1,0
40,57,12,5,6,8,0
10,54,13,4,24,20,0
15,34,7,46,26,1,0
3,58,13,16,16,15,0
35,36,5,11,23,17,0
3,23,8,50,23,16,0
37,72,4,34,20,1,0
31,12,0,19,7,4,0
5,15,15,40,17,11,0
1,65,15,22,21,15,0
21,50,7,39,20,18,0
6,43,3,19,7,11,0
19,69,11,23,1,7,0
34,6,5,39,2,18,0
18,15,1,40,0,5,0
19,19,13,2,0,15,0
33,42,0,50,16,20,0
21,2,13,24,28,3,0
2,35,15,23,10,13,0
17,49,4,13,0,3,0
34,42,2,22,1,19,0
30,1,6,17,11,17,0
4,23,14,3,11,10,0
27,51,14,31,3,19,0
14,46,1,34,21,20,0
37,18,5,19,25,0,0
36,61,14,41,25,15,0
38,22,10,30,20,3,0
31,30,15,7,23,6,0
19,19,0,22,0,0,0
36,44,6,1,21,1,0
14,21,4,2,2,19,0
32,6,5,22,2,4,0
18,72,11,1,15,14,0
40,7,12,10,24,7,0
1,54,1,26,30,10,0
13,33,4,2,1,10,0
19,73,11,38,5,15,0
24,56,11,28,12,11,0
37,28,13,8,20,3,0
11,23,0,10,26,4,0
36,14,7,46,18,3,0
33,43,8,19,30,6,0
12,8,15,11,17,2,0
27,6,15,36,19,18,0
33,34,0,33,25,9,0
39,6,2,25,21,9,0
18,16,5,9,2,7,0
40,14,8,25,6,4,0
2,29,3,24,6,1,0
9,21,8,10,8,10,0
7,6,7,17,26,9,0
32,6,2,4,17,20,0
27,10,9,12,14,13,0
31,70,7,40,25,8,0
25,43,5,7,10,17,0
2,57,5,43,23,17,0
9,44,2,17,16,12,0
32,41,8,50,4,11,0
32,68,0,5,24,5,0
13,46,7,39,24,13,0
4,50,3,22,26,18,0
23,46,3,40,27,4,0
29,11,1,50,19,10,0
33,18,10,32,9,20,0
14,33,9,10,7,16,0
35,61,15,48,11,0,0
16,1,8,17,1,15,0
9,53,13,0,8,0,0
28,10,14,45,18,8,0
7,1,1,32,1,16,0
25,36,14,46,8,3,0
31,12,0,25,1,18,0
33,16,10,4,7,10,0
3,44,12,28,20,17,0
40,43,4,13,14,7,0
3,57,4,14,15,11,0
20,50,14,34,24,16,0
1,60,3,45,14,5,0
36,44,11,38,30,18,0
19,7,0,1,2,5,0
36,7,15,7,4,14,0
1,59,12,37,8,3,0
24,12,7,35,18,8,0
6,34,3,8,24,10,0
33,27,1,48,27,7,0
15,72,11,8,9,16,0
37,53,3,20,22,0,0
29,24,7,22,25,19,0
39,33,0,20,6,16,0
7,2,10,49,5,10,0
22,70,7,48,4,8,0
26,40,1,26,13,15,0
22,43,15,39,1,7,0
33,16,6,12,26,14,0
23,56,5,10,28,15,0
1,25,1,11,5,3,0
34,32,7,19,0,13,0
15,31,10,39,9,11,0
12,63,14,29,15,8,0
27,72,4,38,12,2,0
7,14,0,44,15,16,0
23,14,14,12,13,3,0
33,2,2,34,22,7,0
20,19,14,42,21,13,0
31,54,8,14,1,18,0
15,20,13,14,13,20,0
10,6,9,4,8,13,0
32,64,3,47,11,16,0
0,26,15,11,4,14,0
39,47,10,40,26,10,0
36,34,10,20,17,14,0
19,46,10,36,9,10,0
34,40,3,26,18,10,0
21,12,8,22,2,16,0
32,69,0,23,12,19,0
36,52,12,6,14,7,0
36,59,10,24,7,8,0
6,34,6,35,9,7,0
30,69,15,29,3,15,0
4,5,10,8,24,11,0
20,58,5,25,19,1,0
20,30,1,46,14,11,0
11,10,13,9,30,3,0
36,56,4,33,11,7,0
33,67,11,11,18,14,0
15,39,0,29,18,6,0
3,31,8,33,2,13,0
17,56,11,0,18,4,0
19,42,11,48,2,9,0
24,25,15,48,9,5,0
40,41,12,34,29,20,0
14,46,14,27,23,10,0
26,8,2,39,6,10,0
35,74,0,11,19,3,0
34,38,1,48,27,9,0
38,35,12,20,1,17,0
34,62,2,1,6,6,0
9,61,10,3,1,6,0
40,61,13,22,26,8,0
38,2,13,38,19,2,0
20,18,11,14,5,10,0
32,71,14,43,19,6,0
10,72,3,13,29,13,0
0,24,9,9,21,7,0
25,40,13,0,13,2,0
15,8,13,37,17,7,0
32,31,7,22,12,13,0
3,15,9,8,24,10,0
28,12,3,35,10,4,0
21,35,14,33,12,4,0
8,9,11,36,6,9,0
20,54,10,18,8,17,0
31,9,14,2,16,7,0
13,20,4,4,3,11,0
26,25,0,25,28,14,0
18,2,0,6,12,19,0
15,31,11,48,10,4,0
39,61,14,10,9,8,0
11,48,7,42,19,16,0
32,2,1,8,14,20,0
13,19,14,40,3,10,0
10,26,4,38,29,2,0
9,26,0,45,21,20,0
32,49,11,27,16,4,0
1,18,8,39,11,13,0
2,39,14,35,3,8,0
22,28,11,37,2,14,0
16,27,10,35,26,1,0
8,16,6,27,3,17,0
13,75,14,28,20,2,0
24,42,4,2,19,17,0
4,42,11,28,10,1,0
7,62,9,49,2,12,0
37,31,3,41,7,9,0
34,26,9,26,22,6,0
22,46,7,42,1,12,0
36,52,13,33,17,5,0
14,53,6,21,26,0,0
40,11,7,32,30,11,0
22,50,10,36,7,15,0
10,38,14,26,2,18,0
38,55,2,31,29,3,0
33,18,1,33,21,7,0
27,67,5,34,21,11,0
39,38,6,47,29,14,0
37,26,12,11,26,14,0
16,33,9,50,0,11,0
5,10,5,15,3,15,0
11,12,7,18,27,5,0
18,34,1,40,3,5,0
33,52,1,4,29,18,0
34,30,15,21,18,15,0
14,16,11,0,22,16,0
29,16,9,47,6,3,0
7,7,14,34,28,5,0
27,61,6,4,13,1,0
30,62,6,13,28,17,0
3,36,9,9,5,13,0
7,12,11,37,17,1,0
17,75,10,25,1,12,0
29,34,0,17,5,14,0
19,15,6,34,24,5,0
12,54,6,2,25,9,0
40,36,12,24,22,15,0
27,40,7,24,26,15,0
12,19,2,30,4,1,0
20,11,1,45,27,8,0
10,33,6,50,26,4,0
30,72,12,48,26,7,0
1,75,9,18,23,5,0
37,61,8,22,28,8,0
36,69,14,31,4,8,0
18,63,9,19,8,4,0
36,51,0,10,0,0,0
37,43,11,46,15,5,0
5,49,12,23,1,2,0
16,31,9,5,14,17,0
12,64,13,37,27,11,0
8,14,2,16,23,5,0
34,49,1,0,5,19,0
28,45,7,0,2,0,0
23,65,2,20,6,15,0
32,67,7,39,1,14,0
0,53,4,40,14,11,0
9,14,2,4,1,5,0
39,54,3,5,9,2,0
12,9,6,14,24,20,0
10,56,8,25,15,12,0
23,33,0,0,14,18,0
4,39,13,24,19,19,0
30,18,13,12,23,11,0
6,74,5,3,26,9,0
26,10,10,29,16,1,0
34,36,6,22,10,5,0
19,19,1,12,5,0,0
24,1,15,8,6,16,0
25,50,3,35,16,7,0
13,63,9,25,28,15,0
20,51,6,25,27,15,0
19,50,3,41,13,10,0
21,59,3,28,29,12,0
40,45,5,47,6,14,0
39,21,3,16,4,19,0
39,56,2,18,27,6,0
13,73,0,26,15,15,0
33,19,0,25,23,2,0
23,20,15,0,6,13,0
29,7,3,16,7,15,0
28,66,12,26,0,4,0
10,4,1,25,8,16,0
11,46,1,3,15,12,0
24,31,13,44,17,17,0
15,26,13,30,14,8,0
8,27,12,2,20,7,0
25,5,13,41,28,11,0
0,17,0,39,6,9,0
9,32,6,14,19,16,0
40,20,10,25,5,16,0
18,18,9,9,19,7,0
3,32,10,42,27,5,0
6,45,15,12,12,0,0
10,24,9,38,10,5,0
22,0,3,24,6,6,0
3,30,5,47,17,16,0
32,75,3,41,27,15,0
2,41,7,28,1,13,0
37,64,5,34,11,7,0
4,57,7,45,24,20,0
17,56,12,30,18,3,0
25,48,13,4,15,7,0
18,3,4,33,3,10,0
29,40,11,1,5,13,0
34,9,13,25,20,3,0
28,63,4,19,8,10,0
12,30,10,40,30,7,0
2,41,7,11,4,8,0
10,34,7,8,26,17,0
15,60,3,36,14,17,0
32,60,7,16,5,15,0
3,18,0,19,4,15,0
22,36,3,9,14,9,0
19,51,1,29,11,13,0
16,33,14,13,22,20,0
5,9,0,11,11,20,0
14,17,14,29,15,9,0
31,65,11,20,20,7,0
38,44,1,24,17,1,0
11,9,10,39,6,14,0
12,55,6,33,19,17,0
27,68,2,31,25,10,0
37,25,3,50,9,8,0
19,59,7,14,25,5,0
33,59,9,34,4,4,0
10,45,3,35,11,2,0
7,69,12,37,12,14,0
3,14,9,30,23,15,0
18,43,3,18,10,8,0
36,35,4,11,13,2,0
1,65,7,29,13,16,0
8,65,6,48,11,4,0
13,5,5,36,10,11,0
26,56,10,27,23,7,0
16,8,3,28,29,6,0
40,4,1,40,13,8,0
3,20,4,25,1,8,0
38,56,15,3,22,5,0
14,20,7,20,15,6,0
40,43,6,8,5,18,0
32,48,15,17,29,18,0
11,56,2,45,22,12,0
11,54,9,30,4,0,0
22,36,12,49,1,15,0
36,63,12,6,14,18,0
39,15,2,2,3,9,0
11,33,6,39,14,14,0
2,27,1,33,25,5,0
40,9,6,15,24,8,0
2,12,7,44,7,17,0
27,10,11,31,25,5,0
34,9,14,50,26,5,0
3,7,7,15,0,1,0
24,51,8,25,25,12,0
8,64,9,47,0,14,0
7,69,10,35,18,7,0
22,52,5,23,27,16,0
31,48,9,28,29,15,0
3,18,4,25,25,8,0
22,4,9,25,29,6,0
10,41,6,29,0,2,0
40,60,10,11,2,5,0
6,60,2,11,17,11,0
40,34,0,11,5,2,0
11,1,5,31,2,11,0
18,65,0,19,9,3,0
11,67,13,42,26,7,0
27,44,4,22,23,7,0
27,0,7,12,30,0,0
18,24,2,19,26,4,0
3,9,15,16,0,11,0
7,62,8,15,25,8,0
5,65,14,3,29,4,0
7,41,2,29,29,18,0
31,69,8,11,10,14,0
20,9,2,24,24,14,0
21,16,11,11,7,13,0
29,43,15,0,8,18,0
12,71,14,22,30,19,0
33,44,11,33,27,8,0
34,51,14,0,13,5,0
22,25,0,7,15,7,0
8,20,15,43,24,7,0
37,71,8,43,17,15,0
34,43,14,29,27,19,0
0,27,12,24,30,16,0
32,33,9,24,24,7,0
20,52,11,37,10,7,0
32,34,2,14,5,13,0
39,46,2,18,26,4,0
14,48,4,19,8,17,0
23,10,12,28,30,9,0
21,32,8,47,18,3,0
11,69,15,39,13,19,0
23,12,6,36,2,7,0
31,32,14,1,29,2,0
2,70,11,41,12,19,0
15,67,2,30,15,9,0
25,73,11,8,8,19,0
24,5,10,16,12,15,0
12,61,13,38,12,11,0
33,48,6,7,28,5,0
7,37,7,49,19,6,0
20,59,13,40,11,0,0
30,8,14,48,19,18,0
26,47,11,43,27,14,0
24,53,5,39,16,4,0
6,3,7,8,7,9,0
26,6,4,41,15,3,0
5,5,14,28,0,3,0
24,52,0,0,11,12,0
24,55,0,37,16,10,0
7,8,7,6,7,5,0
26,47,10,7,8,4,0
3,66,4,43,11,13,0
8,46,1,38,8,5,0
34,74,9,29,2,20,0
5,4,10,21,16,16,0
18,56,10,4,2,15,0
38,69,0,5,7,6,0
14,58,0,33,25,7,0
6,26,0,33,5,17,0
12,16,8,8,0,20,0
30,2,3,25,17,14,0
23,65,15,5,15,18,0
15,53,15,25,8,7,0
7,0,1,18,23,1,0
12,37,3,8,8,15,0
27,44,4,31,29,20,0
19,49,6,42,25,14,0
7,20,14,28,29,16,0
30,71,9,32,15,4,0
26,13,2,26,24,17,0
3,63,13,33,8,18,0
27,66,15,16,6,0,0
35,75,6,15,23,13,0
14,34,2,37,27,9,0
35,31,8,36,23,19,0
26,14,15,24,4,0,0
34,38,2,9,5,3,0
2,23,8,41,5,5,0
34,14,1,16,15,0,0
4,60,15,26,27,5,0
5,0,12,18,16,8,0
14,34,9,0,1,2,0
10,29,7,46,8,20,0
4,4,14,38,0,15,0
23,32,8,26,19,16,0
15,68,10,14,22,0,0
25,75,6,30,24,0,0
1,37,0,42,0,3,0
35,13,13,0,24,0,0
17,75,15,21,0,0,0
7,67,9,2,9,12,0
5,40,15,42,0,18,0
0,23,12,38,21,20,0
30,42,11,15,27,19,0
39,26,2,0,30,6,0
27,27,1,43,19,13,0
37,29,9,35,5,15,0
12,45,5,32,24,1,0
25,34,12,48,6,9,0
21,62,9,26,25,10,0
22,46,13,43,21,14,0
35,22,4,12,17,0,0
15,4,4,47,13,6,0
38,44,10,6,16,2,0
10,45,12,11,10,19,0
33,38,2,27,14,5,0
10,9,7,34,5,7,0
15,38,3,43,21,11,0
37,60,3,30,19,4,0
15,39,14,39,4,19,0
2,26,8,39,14,0,0
6,53,15,38,8,9,0
19,40,10,46,17,15,0
32,59,11,28,24,5,0
1,36,14,39,10,5,0
21,63,10,39,11,11,0
26,8,1,34,26,8,0
38,64,9,7,7,18,0
26,45,14,11,12,15,0
28,60,1,33,11,5,0
23,17,1,13,23,16,0
21,72,6,36,27,5,0
11,8,15,0,8,20,0
14,39,5,0,7,2,0
24,36,7,41,12,6,0
26,21,12,2,16,13,0
10,39,15,3,12,18,0
12,72,15,0,3,5,0
22,12,15,49,15,16,0
38,10,15,44,3,12,0
1,25,1,0,20,15,0
24,72,14,4,3,0,0
6,33,0,46,27,6,0
20,66,4,36,5,15,0
28,30,14,32,4,4,0
13,15,14,45,11,5,0
13,29,2,20,25,8,0
17,75,2,35,22,8,0
2,53,11,18,17,8,0
17,15,4,30,22,3,0
34,52,6,0,15,8,0
10,2,6,10,11,15,0
31,26,1,49,18,19,0
22,11,14,47,7,5,0
35,14,5,13,20,17,0
35,75,13,6,26,8,0
40,49,12,50,1,7,0
4,75,1,6,9,0,0
3,56,5,18,4,0,0
22,30,11,35,13,9,0
24,74,2,27,18,13,0
34,17,2,24,28,4,0
17,69,10,13,20,6,0
3,42,6,29,3,7,0
15,61,15,32,2,5,0
9,57,15,17,9,17,0
3,68,9,44,14,8,0
13,39,13,16,22,12,0
19,3,6,2,27,18,0
38,46,8,41,19,13,0
28,8,0,25,24,2,0
24,71,15,31,18,17,0
36,6,2,1,22,0,0
19,40,8,1,19,19,0
5,58,4,36,21,12,0
20,17,15,18,3,9,0
16,20,11,30,19,5,0
34,30,1,47,28,14,0
39,72,12,5,26,2,0
18,46,7,29,13,6,0
3,43,9,2,12,5,0
31,45,6,21,1,10,0
28,25,5,9,29,9,0
2,32,9,46,6,0,0
3,49,0,1,6,4,0
27,1,8,41,16,5,0
37,67,5,46,25,0,0
18,46,13,5,19,4,0
6,5,4,15,0,20,0
33,69,4,5,21,1,0
30,52,12,18,29,12,0
2,1,0,8,23,15,0
27,51,7,33,1,0,0
3,61,2,25,22,9,0
9,18,12,9,22,19,0
34,23,12,40,5,10,0
32,33,12,22,6,12,0
9,46,1,21,9,2,0
35,62,14,37,24,16,0
9,33,4,45,29,17,0
10,53,11,11,20,9,0
17,11,10,27,21,12,0
0,5,7,11,22,9,0
8,74,7,41,14,2,0
26,45,9,1,4,4,0
29,67,8,2,6,20,0
2,56,5,18,6,13,0
5,5,3,12,22,4,0
3,75,7,18,1,6,0
14,21,14,38,3,3,0
0,10,8,35,24,15,0
30,16,14,12,12,2,0
9,27,1,46,25,18,0
23,14,10,21,2,17,0
1,51,2,25,23,4,0
39,23,5,22,28,8,0
28,50,0,25,29,0,0
35,16,10,20,0,13,0
4,26,5,48,28,3,0
30,28,13,1,25,4,0
1,63,2,36,15,3,0
34,6,0,45,1,5,0
16,6,1,6,21,6,0
4,43,8,19,23,13,0
18,16,9,20,22,19,0
9,18,12,21,24,10,0
15,41,0,34,20,2,0
18,47,4,1,27,5,0
26,32,7,22,14,9,0
32,15,6,30,28,19,0
16,16,7,15,13,18,0
21,56,7,39,26,14,0
23,20,9,30,1,1,0
5,71,2,41,15,3,0
12,37,13,50,24,16,0
10,54,3,30,12,20,0
27,48,2,27,24,10,0
28,46,10,34,25,3,0
6,42,10,1,12,11,0
37,50,4,28,19,10,0
29,56,2,8,7,3,0
19,16,9,26,15,2,0
18,49,0,30,16,17,0
30,40,1,49,13,8,0
20,9,6,28,10,15,0
4,50,5,26,23,20,0
31,62,2,25,13,20,0
4,55,3,34,27,2,0
17,64,2,4,2,8,0
9,59,2,7,23,14,0
26,31,0,35,16,4,0
33,4,13,2,7,6,0
25,52,4,50,12,5,0
10,73,7,24,16,4,0
22,71,10,12,3,3,0
12,67,8,26,19,12,0
0,20,11,26,25,16,0
23,3,1,49,11,15,0
20,66,12,10,25,11,0
1,17,7,4,21,16,0
40,65,6,48,12,12,0
4,46,7,6,21,20,0
38,6,7,34,25,16,0
8,10,5,4,7,5,0
33,51,8,14,18,14,0
34,72,5,18,9,1,0
29,58,7,47,2,7,0
22,11,6,44,9,10,0
33,18,15,9,7,1,0
29,26,3,26,9,18,0
26,34,10,49,26,2,0
20,73,13,43,4,11,0
14,5,14,19,4,10,0
10,62,2,40,27,15,0
19,15,9,38,26,1,0
10,41,9,31,10,14,0
40,59,10,14,11,8,0
26,16,7,45,17,10,0
26,52,11,43,3,10,0
37,48,1,4,24,10,0
21,46,11,0,24,19,0
13,5,8,28,15,6,0
6,30,9,29,18,20,0
24,73,3,28,24,11,0
24,4,0,14,4,13,0
35,52,1,46,28,19,0
20,3,9,28,16,18,0
23,51,0,38,6,0,0
17,12,14,49,6,15,0
13,75,12,3,7,8,0
9,21,6,42,16,13,0
6,18,14,24,16,9,0
14,30,10,9,22,1,0
28,9,13,43,15,15,0
21,39,3,37,18,0,0
7,21,12,41,25,7,0
21,32,3,14,2,15,0
31,54,8,8,30,17,0
31,1,5,35,2,1,0
9,28,4,18,6,6,0
15,25,6,31,19,17,0
21,57,0,22,6,18,0
21,67,0,48,18,14,0
9,59,13,40,15,1,0
29,4,15,47,13,17,0
1,12,5,24,29,10,0
1,8,11,31,22,9,0
16,35,11,35,22,18,0
13,14,1,41,0,14,0
36,0,13,46,1,11,0
40,2,9,25,27,15,0
15,45,4,11,12,8,0
4,7,2,50,18,10,0
3,7,12,2,10,19,0
10,2,8,38,27,15,0
24,71,8,16,12,16,0
3,26,5,50,30,6,0
39,2,4,26,29,11,0
38,28,15,29,25,16,0
16,27,5,47,23,13,0
5,72,6,49,24,2,0
33,5,11,50,11,20,0
24,16,5,14,26,2,0
22,45,7,24,28,7,0
4,41,9,2,11,1,0
25,48,6,31,10,16,0
26,53,10,33,12,9,0
3,70,7,44,12,9,0
